SYMBOL,EXPIERY
LTIM,27-Jun-24
BHARTIARTL,27-Jun-24
HINDALCO,27-Jun-24
SBILIFE,27-Jun-24
INFY,27-Jun-24
ADANIPORTS,27-Jun-24
POWERGRID,27-Jun-24
DIVISLAB,27-Jun-24
SHRIRAMFIN,27-Jun-24
HEROMOTOCO,27-Jun-24
NTPC,27-Jun-24
DRREDDY,27-Jun-24
TCS,27-Jun-24
TATASTEEL,27-Jun-24
M&M,27-Jun-24
JSWSTEEL,27-Jun-24
KOTAKBANK,27-Jun-24
WIPRO,27-Jun-24
MARUTI,27-Jun-24
APOLLOHOSP,27-Jun-24
HCLTECH,27-Jun-24
CIPLA,27-Jun-24
EICHERMOT,27-Jun-24
SUNPHARMA,27-Jun-24
BAJAJFINSV,27-Jun-24
ONGC,27-Jun-24
INDUSINDBK,27-Jun-24
BAJAJ-AUTO,27-Jun-24
TECHM,27-Jun-24
COALINDIA,27-Jun-24
ICICIBANK,27-Jun-24
BRITANNIA,27-Jun-24
ASIANPAINT,27-Jun-24
AXISBANK,27-Jun-24
ITC,27-Jun-24
HDFCBANK,27-Jun-24
TATACONSUM,27-Jun-24
BAJFINANCE,27-Jun-24
TITAN,27-Jun-24
HDFCLIFE,27-Jun-24
GRASIM,27-Jun-24
SBIN,27-Jun-24
NESTLEIND,27-Jun-24
BPCL,27-Jun-24
TATAMOTORS,27-Jun-24
RELIANCE,27-Jun-24
ADANIENT,27-Jun-24
HINDUNILVR,27-Jun-24
ULTRACEMCO,27-Jun-24
LT,27-Jun-24
